[{"pos_x": 263.128125, "pos_y": -65.484375, "rotation": 0.0, "side": "top", "designator": "SW67", "mpn": null, "pack": "SW_Hotswap_Kailh_MX_plated_ISOEnter_180deg", "value": "MX_ENTER", "mount_type": "smt"}, {"pos_x": 222.646875, "pos_y": -55.959375, "rotation": 0.0, "side": "top", "designator": "SW48", "mpn": null, "pack": "SW_Hotswap_Kailh_MX_plated_1.00u", "value": "MX_[", "mount_type": "smt"}, {"pos_x": 222.646875, "pos_y": -36.909375, "rotation": 0.0, "side": "top", "designator": "SW30", "mpn": null, "pack": "SW_Hotswap_Kailh_MX_plated_1.00u", "value": "MX_-", "mount_type": "smt"}, {"pos_x": 155.971875, "pos_y": -113.109375, "rotation": 0.0, "side": "top", "designator": "SW95", "mpn": null, "pack": "SW_Hotswap_Kailh_MX_plated_2.00u", "value": "MX-SPACE_3", "mount_type": "smt"}, {"pos_x": 165.496875, "pos_y": -75.009375, "rotation": 0.0, "side": "top", "designator": "SW62", "mpn": null, "pack": "SW_Hotswap_Kailh_MX_plated_1.00u", "value": "MX_K", "mount_type": "smt"}, {"pos_x": 108.346875, "pos_y": -55.959375, "rotation": 0.0, "side": "top", "designator": "SW42", "mpn": null, "pack": "SW_Hotswap_Kailh_MX_plated_1.00u", "value": "MX-T", "mount_type": "smt"}, {"pos_x": 351.234375, "pos_y": -36.909375, "rotation": 0.0, "side": "top", "designator": "SW35", "mpn": null, "pack": "SW_Hotswap_Kailh_MX_plated_1.00u", "value": "MX_P*", "mount_type": "smt"}, {"pos_x": 203.596875, "pos_y": -13.096875, "rotation": 0.0, "side": "top", "designator": "SW10", "mpn": null, "pack": "SW_Hotswap_Kailh_MX_plated_1.00u", "value": "MX_F9", "mount_type": "smt"}, {"pos_x": 13.096875, "pos_y": -113.109375, "rotation": 0.0, "side": "top", "designator": "SW89", "mpn": null, "pack": "SW_Hotswap_Kailh_MX_plated_1.00u", "value": "MX-LCTRL", "mount_type": "smt"}, {"pos_x": 98.821875, "pos_y": -113.109375, "rotation": 0.0, "side": "top", "designator": "SW93", "mpn": null, "pack": "SW_Hotswap_Kailh_MX_plated_2.00u", "value": "MX-SPACE_1", "mount_type": "smt"}, {"pos_x": 98.821875, "pos_y": -113.109375, "rotation": 180.0, "side": "top", "designator": "stab_Shift1", "mpn": null, "pack": "Stabilizer_Cherry_MX_2.00u", "value": "Stabilizer_Cherry_MX_2.00u", "mount_type": "tht"}, {"pos_x": 89.296875, "pos_y": -36.909375, "rotation": 0.0, "side": "top", "designator": "SW23", "mpn": null, "pack": "SW_Hotswap_Kailh_MX_plated_1.00u", "value": "MX-4", "mount_type": "smt"}, {"pos_x": 155.971875, "pos_y": -113.109375, "rotation": 180.0, "side": "top", "designator": "stab_Space2", "mpn": null, "pack": "Stabilizer_Cherry_MX_2.00u", "value": "Stabilizer_Cherry_MX_2.00u", "mount_type": "tht"}, {"pos_x": 60.721875, "pos_y": -13.096875, "rotation": 0.0, "side": "top", "designator": "SW3", "mpn": null, "pack": "SW_Hotswap_Kailh_MX_plated_1.00u", "value": "MX_F2", "mount_type": "smt"}, {"pos_x": 32.146875, "pos_y": -55.959375, "rotation": 0.0, "side": "top", "designator": "SW38", "mpn": null, "pack": "SW_Hotswap_Kailh_MX_plated_1.00u", "value": "MX-Q", "mount_type": "smt"}, {"pos_x": 241.696875, "pos_y": -55.959375, "rotation": 0.0, "side": "top", "designator": "SW49", "mpn": null, "pack": "SW_Hotswap_Kailh_MX_plated_1.00u", "value": "MX_]", "mount_type": "smt"}, {"pos_x": 89.296875, "pos_y": -94.059375, "rotation": 0.0, "side": "top", "designator": "SW75", "mpn": null, "pack": "SW_Hotswap_Kailh_MX_plated_1.00u", "value": "MX-C", "mount_type": "smt"}, {"pos_x": 332.184375, "pos_y": -94.059375, "rotation": 0.0, "side": "top", "designator": "SW86", "mpn": null, "pack": "SW_Hotswap_Kailh_MX_plated_1.00u", "value": "MX_P2", "mount_type": "smt"}, {"pos_x": 222.646875, "pos_y": -94.059375, "rotation": 0.0, "side": "top", "designator": "SW82", "mpn": null, "pack": "SW_Hotswap_Kailh_MX_plated_1.00u", "value": "MX_/", "mount_type": "smt"}, {"pos_x": 351.234375, "pos_y": -113.109375, "rotation": 0.0, "side": "top", "designator": "SW104", "mpn": null, "pack": "SW_Hotswap_Kailh_MX_plated_1.00u", "value": "MX_P.", "mount_type": "smt"}, {"pos_x": 89.296875, "pos_y": -75.009375, "rotation": 0.0, "side": "top", "designator": "SW58", "mpn": null, "pack": "SW_Hotswap_Kailh_MX_plated_1.00u", "value": "MX-F", "mount_type": "smt"}, {"pos_x": 351.234375, "pos_y": -75.009375, "rotation": 0.0, "side": "top", "designator": "SW70", "mpn": null, "pack": "SW_Hotswap_Kailh_MX_plated_1.00u", "value": "MX_P6", "mount_type": "smt"}, {"pos_x": 22.621875, "pos_y": -94.059375, "rotation": 0.0, "side": "top", "designator": "SW72", "mpn": null, "pack": "SW_Hotswap_Kailh_MX_plated_2.00u", "value": "MX-Lshift", "mount_type": "smt"}, {"pos_x": 70.246875, "pos_y": -36.909375, "rotation": 0.0, "side": "top", "designator": "SW22", "mpn": null, "pack": "SW_Hotswap_Kailh_MX_plated_1.00u", "value": "MX-3", "mount_type": "smt"}, {"pos_x": 313.134375, "pos_y": -36.909375, "rotation": 0.0, "side": "top", "designator": "SW33", "mpn": null, "pack": "SW_Hotswap_Kailh_MX_plated_1.00u", "value": "MX_NLCK(prolly FN)", "mount_type": "smt"}, {"pos_x": 203.596875, "pos_y": -113.109375, "rotation": 0.0, "side": "top", "designator": "SW97", "mpn": null, "pack": "SW_Hotswap_Kailh_MX_plated_1.00u", "value": "MX-RALT", "mount_type": "smt"}, {"pos_x": 263.128125, "pos_y": -65.484375, "rotation": -90.0, "side": "top", "designator": "stab_enter", "mpn": null, "pack": "Stabilizer_Cherry_MX_2.00u", "value": "Stabilizer_Cherry_MX_2.00u", "mount_type": "tht"}, {"pos_x": 370.284375, "pos_y": -75.009375, "rotation": 0.0, "side": "top", "designator": "SW71", "mpn": null, "pack": "SW_Hotswap_Kailh_MX_plated_1.00u", "value": "MX_PENT", "mount_type": "smt"}, {"pos_x": 146.446875, "pos_y": -75.009375, "rotation": 0.0, "side": "top", "designator": "SW61", "mpn": null, "pack": "SW_Hotswap_Kailh_MX_plated_1.00u", "value": "MX_J", "mount_type": "smt"}, {"pos_x": 332.184375, "pos_y": -113.109375, "rotation": 0.0, "side": "top", "designator": "SW103", "mpn": null, "pack": "SW_Hotswap_Kailh_MX_plated_1.00u", "value": "MX_P0", "mount_type": "smt"}, {"pos_x": 32.146875, "pos_y": -36.909375, "rotation": 0.0, "side": "top", "designator": "SW20", "mpn": null, "pack": "SW_Hotswap_Kailh_MX_plated_1.00u", "value": "MX-1", "mount_type": "smt"}, {"pos_x": 51.196875, "pos_y": -36.909375, "rotation": 0.0, "side": "top", "designator": "SW21", "mpn": null, "pack": "SW_Hotswap_Kailh_MX_plated_1.00u", "value": "MX-2", "mount_type": "smt"}, {"pos_x": 127.396875, "pos_y": -55.959375, "rotation": 0.0, "side": "top", "designator": "SW43", "mpn": null, "pack": "SW_Hotswap_Kailh_MX_plated_1.00u", "value": "MX_Y", "mount_type": "smt"}, {"pos_x": 327.421875, "pos_y": -13.096875, "rotation": 0.0, "side": "top", "designator": "SW16", "mpn": null, "pack": "SW_Hotswap_Kailh_MX_plated_1.00u", "value": "MX_Pause", "mount_type": "smt"}, {"pos_x": 141.684375, "pos_y": -13.096875, "rotation": 0.0, "side": "top", "designator": "SW7", "mpn": null, "pack": "SW_Hotswap_Kailh_MX_plated_1.00u", "value": "MX_F6", "mount_type": "smt"}, {"pos_x": 184.546875, "pos_y": -94.059375, "rotation": 0.0, "side": "top", "designator": "SW80", "mpn": null, "pack": "SW_Hotswap_Kailh_MX_plated_1.00u", "value": "MX_,", "mount_type": "smt"}, {"pos_x": 203.596875, "pos_y": -55.959375, "rotation": 0.0, "side": "top", "designator": "SW47", "mpn": null, "pack": "SW_Hotswap_Kailh_MX_plated_1.00u", "value": "MX_P", "mount_type": "smt"}, {"pos_x": 127.396875, "pos_y": -75.009375, "rotation": 0.0, "side": "top", "designator": "SW60", "mpn": null, "pack": "SW_Hotswap_Kailh_MX_plated_1.00u", "value": "MX_H", "mount_type": "smt"}, {"pos_x": 313.134375, "pos_y": -75.009375, "rotation": 0.0, "side": "top", "designator": "SW68", "mpn": null, "pack": "SW_Hotswap_Kailh_MX_plated_1.00u", "value": "MX_P4", "mount_type": "smt"}, {"pos_x": 370.284375, "pos_y": -13.096875, "rotation": 0.0, "side": "top", "designator": "SW18", "mpn": null, "pack": "SW_Hotswap_Kailh_MX_plated_1.00u", "value": "MX_Delete", "mount_type": "smt"}, {"pos_x": 279.295, "pos_y": -21.3, "rotation": 0.0, "side": "top", "designator": "J2", "mpn": null, "pack": "hole_1x03_D_0.7mm", "value": "hole_1x03_D_0.7mm", "mount_type": "tht"}, {"pos_x": 70.246875, "pos_y": -55.959375, "rotation": 0.0, "side": "top", "designator": "SW40", "mpn": null, "pack": "SW_Hotswap_Kailh_MX_plated_1.00u", "value": "MX-E", "mount_type": "smt"}, {"pos_x": 108.346875, "pos_y": -94.059375, "rotation": 0.0, "side": "top", "designator": "SW76", "mpn": null, "pack": "SW_Hotswap_Kailh_MX_plated_1.00u", "value": "MX-V", "mount_type": "smt"}, {"pos_x": 146.446875, "pos_y": -36.909375, "rotation": 0.0, "side": "top", "designator": "SW26", "mpn": null, "pack": "SW_Hotswap_Kailh_MX_plated_1.00u", "value": "MX_7", "mount_type": "smt"}, {"pos_x": 203.596875, "pos_y": -94.059375, "rotation": 0.0, "side": "top", "designator": "SW81", "mpn": null, "pack": "SW_Hotswap_Kailh_MX_plated_1.00u", "value": "MX_.", "mount_type": "smt"}, {"pos_x": 305.895375, "pos_y": -120.253125, "rotation": 0.0, "side": "top", "designator": "SW102", "mpn": null, "pack": "SW_Hotswap_Kailh_MX_plated_1.00u", "value": "MX_RIGHT", "mount_type": "smt"}, {"pos_x": 370.284375, "pos_y": -36.909375, "rotation": 0.0, "side": "top", "designator": "SW36", "mpn": null, "pack": "SW_Hotswap_Kailh_MX_plated_1.00u", "value": "MX_P-", "mount_type": "smt"}, {"pos_x": 222.646875, "pos_y": -75.009375, "rotation": 0.0, "side": "top", "designator": "SW65", "mpn": null, "pack": "SW_Hotswap_Kailh_MX_plated_1.00u", "value": "MX_'", "mount_type": "smt"}, {"pos_x": 127.396875, "pos_y": -94.059375, "rotation": 0.0, "side": "top", "designator": "SW77", "mpn": null, "pack": "SW_Hotswap_Kailh_MX_plated_1.00u", "value": "MX-B", "mount_type": "smt"}, {"pos_x": 127.396875, "pos_y": -113.109375, "rotation": 0.0, "side": "top", "designator": "SW94", "mpn": null, "pack": "SW_Hotswap_Kailh_MX_plated_1.00u", "value": "MX-SPACE_2", "mount_type": "smt"}, {"pos_x": 41.671875, "pos_y": -13.096875, "rotation": 0.0, "side": "top", "designator": "SW2", "mpn": null, "pack": "SW_Hotswap_Kailh_MX_plated_1.00u", "value": "MX_F1", "mount_type": "smt"}, {"pos_x": 32.146875, "pos_y": -113.109375, "rotation": 0.0, "side": "top", "designator": "SW90", "mpn": null, "pack": "SW_Hotswap_Kailh_MX_plated_1.00u", "value": "MX-LGUI", "mount_type": "smt"}, {"pos_x": 351.234375, "pos_y": -55.959375, "rotation": 0.0, "side": "top", "designator": "SW52", "mpn": null, "pack": "SW_Hotswap_Kailh_MX_plated_1.00u", "value": "MX_P9", "mount_type": "smt"}, {"pos_x": 332.184375, "pos_y": -55.959375, "rotation": 0.0, "side": "top", "designator": "SW51", "mpn": null, "pack": "SW_Hotswap_Kailh_MX_plated_1.00u", "value": "MX_P8", "mount_type": "smt"}, {"pos_x": 267.795375, "pos_y": -120.253125, "rotation": 0.0, "side": "top", "designator": "SW100", "mpn": null, "pack": "SW_Hotswap_Kailh_MX_plated_1.00u", "value": "MX_LEFT", "mount_type": "smt"}, {"pos_x": 108.346875, "pos_y": -36.909375, "rotation": 0.0, "side": "top", "designator": "SW24", "mpn": null, "pack": "SW_Hotswap_Kailh_MX_plated_1.00u", "value": "MX-5", "mount_type": "smt"}, {"pos_x": 265.509375, "pos_y": -36.909375, "rotation": 0.0, "side": "top", "designator": "SW32", "mpn": null, "pack": "SW_Hotswap_Kailh_MX_plated_1.50u", "value": "MX_backspace", "mount_type": "smt"}, {"pos_x": 313.134375, "pos_y": -55.959375, "rotation": 0.0, "side": "top", "designator": "SW50", "mpn": null, "pack": "SW_Hotswap_Kailh_MX_plated_1.00u", "value": "MX_P7", "mount_type": "smt"}, {"pos_x": 89.296875, "pos_y": -55.959375, "rotation": 0.0, "side": "top", "designator": "SW41", "mpn": null, "pack": "SW_Hotswap_Kailh_MX_plated_1.00u", "value": "MX-R", "mount_type": "smt"}, {"pos_x": 370.284375, "pos_y": -113.109375, "rotation": 0.0, "side": "top", "designator": "SW105", "mpn": null, "pack": "SW_Hotswap_Kailh_MX_plated_1.00u", "value": "MX_PGDOWN", "mount_type": "smt"}, {"pos_x": 146.446875, "pos_y": -94.059375, "rotation": 0.0, "side": "top", "designator": "SW78", "mpn": null, "pack": "SW_Hotswap_Kailh_MX_plated_1.00u", "value": "MX_N", "mount_type": "smt"}, {"pos_x": 51.196875, "pos_y": -113.109375, "rotation": 0.0, "side": "top", "designator": "SW91", "mpn": null, "pack": "SW_Hotswap_Kailh_MX_plated_1.00u", "value": "MX-LALT", "mount_type": "smt"}, {"pos_x": 308.371875, "pos_y": -13.096875, "rotation": 0.0, "side": "top", "designator": "SW15", "mpn": null, "pack": "SW_Hotswap_Kailh_MX_plated_1.00u", "value": "MX_Scrlck", "mount_type": "smt"}, {"pos_x": 370.284375, "pos_y": -55.959375, "rotation": 0.0, "side": "top", "designator": "SW53", "mpn": null, "pack": "SW_Hotswap_Kailh_MX_plated_1.00u", "value": "MX_P+", "mount_type": "smt"}, {"pos_x": 184.546875, "pos_y": -36.909375, "rotation": 0.0, "side": "top", "designator": "SW28", "mpn": null, "pack": "SW_Hotswap_Kailh_MX_plated_1.00u", "value": "MX_9", "mount_type": "smt"}, {"pos_x": 346.471875, "pos_y": -13.096875, "rotation": 0.0, "side": "top", "designator": "SW17", "mpn": null, "pack": "SW_Hotswap_Kailh_MX_plated_1.00u", "value": "MX_Insert", "mount_type": "smt"}, {"pos_x": 108.346875, "pos_y": -75.009375, "rotation": 0.0, "side": "top", "designator": "SW59", "mpn": null, "pack": "SW_Hotswap_Kailh_MX_plated_1.00u", "value": "MX-G", "mount_type": "smt"}, {"pos_x": 165.496875, "pos_y": -36.909375, "rotation": 0.0, "side": "top", "designator": "SW27", "mpn": null, "pack": "SW_Hotswap_Kailh_MX_plated_1.00u", "value": "MX_8", "mount_type": "smt"}, {"pos_x": 278.009375, "pos_y": -6.116143, "rotation": 180.0, "side": "top", "designator": "J1", "mpn": null, "pack": "USB_C_Receptacle_GCT_USB4085", "value": "USB_C_Receptacle_USB2.0", "mount_type": "tht"}, {"pos_x": 70.246875, "pos_y": -75.009375, "rotation": 0.0, "side": "top", "designator": "SW57", "mpn": null, "pack": "SW_Hotswap_Kailh_MX_plated_1.00u", "value": "MX-D", "mount_type": "smt"}, {"pos_x": 146.446875, "pos_y": -55.959375, "rotation": 0.0, "side": "top", "designator": "SW44", "mpn": null, "pack": "SW_Hotswap_Kailh_MX_plated_1.00u", "value": "MX_U", "mount_type": "smt"}, {"pos_x": 127.396875, "pos_y": -36.909375, "rotation": 0.0, "side": "top", "designator": "SW25", "mpn": null, "pack": "SW_Hotswap_Kailh_MX_plated_1.00u", "value": "MX_6", "mount_type": "smt"}, {"pos_x": 32.146875, "pos_y": -75.009375, "rotation": 0.0, "side": "top", "designator": "SW55", "mpn": null, "pack": "SW_Hotswap_Kailh_MX_plated_1.00u", "value": "MX-A", "mount_type": "smt"}, {"pos_x": 222.646875, "pos_y": -13.096875, "rotation": 0.0, "side": "top", "designator": "SW11", "mpn": null, "pack": "SW_Hotswap_Kailh_MX_plated_1.00u", "value": "MX_F10", "mount_type": "smt"}, {"pos_x": 184.546875, "pos_y": -113.109375, "rotation": 0.0, "side": "top", "designator": "SW96", "mpn": null, "pack": "SW_Hotswap_Kailh_MX_plated_1.00u", "value": "MX-SPACE_4", "mount_type": "smt"}, {"pos_x": 13.096875, "pos_y": -13.096875, "rotation": 0.0, "side": "top", "designator": "SW1", "mpn": null, "pack": "SW_Hotswap_Kailh_MX_plated_1.00u", "value": "MX-ESC", "mount_type": "smt"}, {"pos_x": 13.096875, "pos_y": -75.009375, "rotation": 0.0, "side": "top", "designator": "SW54", "mpn": null, "pack": "SW_Hotswap_Kailh_MX_plated_1.00u", "value": "MX-CAPS", "mount_type": "smt"}, {"pos_x": 286.845375, "pos_y": -101.203125, "rotation": 0.0, "side": "top", "designator": "SW84", "mpn": null, "pack": "SW_Hotswap_Kailh_MX_plated_1.00u", "value": "MX_UP", "mount_type": "smt"}, {"pos_x": 51.196875, "pos_y": -55.959375, "rotation": 0.0, "side": "top", "designator": "SW39", "mpn": null, "pack": "SW_Hotswap_Kailh_MX_plated_1.00u", "value": "MX-W", "mount_type": "smt"}, {"pos_x": 251.221875, "pos_y": -94.059375, "rotation": 180.0, "side": "top", "designator": "stab_Rshift", "mpn": null, "pack": "Stabilizer_Cherry_MX_2.00u", "value": "Stabilizer_Cherry_MX_2.00u", "mount_type": "tht"}, {"pos_x": 251.221875, "pos_y": -94.059375, "rotation": 0.0, "side": "top", "designator": "SW83", "mpn": null, "pack": "SW_Hotswap_Kailh_MX_plated_2.00u", "value": "MX_Rshift", "mount_type": "smt"}, {"pos_x": 70.246875, "pos_y": -94.059375, "rotation": 0.0, "side": "top", "designator": "SW74", "mpn": null, "pack": "SW_Hotswap_Kailh_MX_plated_1.00u", "value": "MX-X", "mount_type": "smt"}, {"pos_x": 332.184375, "pos_y": -75.009375, "rotation": 0.0, "side": "top", "designator": "SW69", "mpn": null, "pack": "SW_Hotswap_Kailh_MX_plated_1.00u", "value": "MX_P5", "mount_type": "smt"}, {"pos_x": 313.134375, "pos_y": -94.059375, "rotation": 0.0, "side": "top", "designator": "SW85", "mpn": null, "pack": "SW_Hotswap_Kailh_MX_plated_1.00u", "value": "MX_P1", "mount_type": "smt"}, {"pos_x": 241.696875, "pos_y": -113.109375, "rotation": 0.0, "side": "top", "designator": "SW99", "mpn": null, "pack": "SW_Hotswap_Kailh_MX_plated_1.00u", "value": "MX-RCTRL", "mount_type": "smt"}, {"pos_x": 160.734375, "pos_y": -13.096875, "rotation": 0.0, "side": "top", "designator": "SW8", "mpn": null, "pack": "SW_Hotswap_Kailh_MX_plated_1.00u", "value": "MX_F7", "mount_type": "smt"}, {"pos_x": 79.771875, "pos_y": -13.096875, "rotation": 0.0, "side": "top", "designator": "SW4", "mpn": null, "pack": "SW_Hotswap_Kailh_MX_plated_1.00u", "value": "MX_F3", "mount_type": "smt"}, {"pos_x": 98.821875, "pos_y": -13.096875, "rotation": 0.0, "side": "top", "designator": "SW5", "mpn": null, "pack": "SW_Hotswap_Kailh_MX_plated_1.00u", "value": "MX_F4", "mount_type": "smt"}, {"pos_x": 222.646875, "pos_y": -113.109375, "rotation": 0.0, "side": "top", "designator": "SW98", "mpn": null, "pack": "SW_Hotswap_Kailh_MX_plated_1.00u", "value": "MX-MENU", "mount_type": "smt"}, {"pos_x": 165.496875, "pos_y": -94.059375, "rotation": 0.0, "side": "top", "designator": "SW79", "mpn": null, "pack": "SW_Hotswap_Kailh_MX_plated_1.00u", "value": "MX_M", "mount_type": "smt"}, {"pos_x": 370.284375, "pos_y": -94.059375, "rotation": 0.0, "side": "top", "designator": "SW88", "mpn": null, "pack": "SW_Hotswap_Kailh_MX_plated_1.00u", "value": "MX_PGUP", "mount_type": "smt"}, {"pos_x": 51.196875, "pos_y": -75.009375, "rotation": 0.0, "side": "top", "designator": "SW56", "mpn": null, "pack": "SW_Hotswap_Kailh_MX_plated_1.00u", "value": "MX-S", "mount_type": "smt"}, {"pos_x": 165.496875, "pos_y": -55.959375, "rotation": 0.0, "side": "top", "designator": "SW45", "mpn": null, "pack": "SW_Hotswap_Kailh_MX_plated_1.00u", "value": "MX_I", "mount_type": "smt"}, {"pos_x": 203.596875, "pos_y": -36.909375, "rotation": 0.0, "side": "top", "designator": "SW29", "mpn": null, "pack": "SW_Hotswap_Kailh_MX_plated_1.00u", "value": "MX_0", "mount_type": "smt"}, {"pos_x": 13.096875, "pos_y": -36.909375, "rotation": 0.0, "side": "top", "designator": "SW19", "mpn": null, "pack": "SW_Hotswap_Kailh_MX_plated_1.00u", "value": "MX-~", "mount_type": "smt"}, {"pos_x": 184.546875, "pos_y": -55.959375, "rotation": 0.0, "side": "top", "designator": "SW46", "mpn": null, "pack": "SW_Hotswap_Kailh_MX_plated_1.00u", "value": "MX_O", "mount_type": "smt"}, {"pos_x": 289.321875, "pos_y": -13.096875, "rotation": 0.0, "side": "top", "designator": "SW14", "mpn": null, "pack": "SW_Hotswap_Kailh_MX_plated_1.00u", "value": "MX_PrtSc", "mount_type": "smt"}, {"pos_x": 241.696875, "pos_y": -75.009375, "rotation": 0.0, "side": "top", "designator": "SW66", "mpn": null, "pack": "SW_Hotswap_Kailh_MX_plated_1.00u", "value": "MX_\\", "mount_type": "smt"}, {"pos_x": 241.696875, "pos_y": -36.909375, "rotation": 0.0, "side": "top", "designator": "SW31", "mpn": null, "pack": "SW_Hotswap_Kailh_MX_plated_1.00u", "value": "MX_=", "mount_type": "smt"}, {"pos_x": 260.746875, "pos_y": -13.096875, "rotation": 0.0, "side": "top", "designator": "SW13", "mpn": null, "pack": "SW_Hotswap_Kailh_MX_plated_1.00u", "value": "MX_F12", "mount_type": "smt"}, {"pos_x": 351.234375, "pos_y": -94.059375, "rotation": 0.0, "side": "top", "designator": "SW87", "mpn": null, "pack": "SW_Hotswap_Kailh_MX_plated_1.00u", "value": "MX_P3", "mount_type": "smt"}, {"pos_x": 70.246875, "pos_y": -113.109375, "rotation": 0.0, "side": "top", "designator": "SW92", "mpn": null, "pack": "SW_Hotswap_Kailh_MX_plated_1.00u", "value": "MX-SPACE_0", "mount_type": "smt"}, {"pos_x": 286.845375, "pos_y": -120.253125, "rotation": 0.0, "side": "top", "designator": "SW101", "mpn": null, "pack": "SW_Hotswap_Kailh_MX_plated_1.00u", "value": "MX_DOWN", "mount_type": "smt"}, {"pos_x": 122.634375, "pos_y": -13.096875, "rotation": 0.0, "side": "top", "designator": "SW6", "mpn": null, "pack": "SW_Hotswap_Kailh_MX_plated_1.00u", "value": "MX_F5", "mount_type": "smt"}, {"pos_x": 289.5, "pos_y": -49.0, "rotation": 0.0, "side": "top", "designator": "U1", "mpn": null, "pack": "RPi_Pico_SMD_TH", "value": "Pico", "mount_type": "tht"}, {"pos_x": 51.196875, "pos_y": -94.059375, "rotation": 0.0, "side": "top", "designator": "SW73", "mpn": null, "pack": "SW_Hotswap_Kailh_MX_plated_1.00u", "value": "MX-Z", "mount_type": "smt"}, {"pos_x": 22.621875, "pos_y": -94.059375, "rotation": 180.0, "side": "top", "designator": "stab_Lshift", "mpn": null, "pack": "Stabilizer_Cherry_MX_2.00u", "value": "Stabilizer_Cherry_MX_2.00u", "mount_type": "tht"}, {"pos_x": 332.184375, "pos_y": -36.909375, "rotation": 0.0, "side": "top", "designator": "SW34", "mpn": null, "pack": "SW_Hotswap_Kailh_MX_plated_1.00u", "value": "MX_P/", "mount_type": "smt"}, {"pos_x": 241.696875, "pos_y": -13.096875, "rotation": 0.0, "side": "top", "designator": "SW12", "mpn": null, "pack": "SW_Hotswap_Kailh_MX_plated_1.00u", "value": "MX_F11", "mount_type": "smt"}, {"pos_x": 179.784375, "pos_y": -13.096875, "rotation": 0.0, "side": "top", "designator": "SW9", "mpn": null, "pack": "SW_Hotswap_Kailh_MX_plated_1.00u", "value": "MX_F8", "mount_type": "smt"}, {"pos_x": 13.096875, "pos_y": -55.959375, "rotation": 0.0, "side": "top", "designator": "SW37", "mpn": null, "pack": "SW_Hotswap_Kailh_MX_plated_1.00u", "value": "MX-TAB", "mount_type": "smt"}, {"pos_x": 203.596875, "pos_y": -75.009375, "rotation": 0.0, "side": "top", "designator": "SW64", "mpn": null, "pack": "SW_Hotswap_Kailh_MX_plated_1.00u", "value": "MX_;", "mount_type": "smt"}, {"pos_x": 184.546875, "pos_y": -75.009375, "rotation": 0.0, "side": "top", "designator": "SW63", "mpn": null, "pack": "SW_Hotswap_Kailh_MX_plated_1.00u", "value": "MX_L", "mount_type": "smt"}, {"pos_x": 78.581328, "pos_y": -96.599375, "rotation": 90.0, "side": "bottom", "designator": "D74", "mpn": null, "pack": "D_DO-35_SOD27_P7.62mm_Horizontal_ref_center", "value": "D_Small", "mount_type": "tht"}, {"pos_x": 150.018828, "pos_y": -15.636875, "rotation": 90.0, "side": "bottom", "designator": "D7", "mpn": null, "pack": "D_DO-35_SOD27_P7.62mm_Horizontal_ref_center", "value": "D_Small", "mount_type": "tht"}, {"pos_x": 135.731328, "pos_y": -39.449375, "rotation": 90.0, "side": "bottom", "designator": "D25", "mpn": null, "pack": "D_DO-35_SOD27_P7.62mm_Horizontal_ref_center", "value": "D_Small", "mount_type": "tht"}, {"pos_x": 295.179828, "pos_y": -103.743125, "rotation": 90.0, "side": "bottom", "designator": "D84", "mpn": null, "pack": "D_DO-35_SOD27_P7.62mm_Horizontal_ref_center", "value": "D_Small", "mount_type": "tht"}, {"pos_x": 164.306328, "pos_y": -115.649375, "rotation": 90.0, "side": "bottom", "designator": "D95", "mpn": null, "pack": "D_DO-35_SOD27_P7.62mm_Horizontal_ref_center", "value": "D_Small", "mount_type": "tht"}, {"pos_x": 266.7, "pos_y": -3.0, "rotation": 180.0, "side": "bottom", "designator": "R2", "mpn": null, "pack": "R_Axial_DIN0204_L3.6mm_D1.6mm_P7.62mm_Horizontal", "value": "5.1k", "mount_type": "tht"}, {"pos_x": 378.618828, "pos_y": -96.599375, "rotation": 90.0, "side": "bottom", "designator": "D88", "mpn": null, "pack": "D_DO-35_SOD27_P7.62mm_Horizontal_ref_center", "value": "D_Small", "mount_type": "tht"}, {"pos_x": 116.681328, "pos_y": -58.499375, "rotation": 90.0, "side": "bottom", "designator": "D42", "mpn": null, "pack": "D_DO-35_SOD27_P7.62mm_Horizontal_ref_center", "value": "D_Small", "mount_type": "tht"}, {"pos_x": 359.568828, "pos_y": -77.549375, "rotation": 90.0, "side": "bottom", "designator": "D70", "mpn": null, "pack": "D_DO-35_SOD27_P7.62mm_Horizontal_ref_center", "value": "D_Small", "mount_type": "tht"}, {"pos_x": 230.981328, "pos_y": -39.449375, "rotation": 90.0, "side": "bottom", "designator": "D30", "mpn": null, "pack": "D_DO-35_SOD27_P7.62mm_Horizontal_ref_center", "value": "D_Small", "mount_type": "tht"}, {"pos_x": 78.581328, "pos_y": -58.499375, "rotation": 90.0, "side": "bottom", "designator": "D40", "mpn": null, "pack": "D_DO-35_SOD27_P7.62mm_Horizontal_ref_center", "value": "D_Small", "mount_type": "tht"}, {"pos_x": 135.731328, "pos_y": -58.499375, "rotation": 90.0, "side": "bottom", "designator": "D43", "mpn": null, "pack": "D_DO-35_SOD27_P7.62mm_Horizontal_ref_center", "value": "D_Small", "mount_type": "tht"}, {"pos_x": 359.568828, "pos_y": -115.649375, "rotation": 90.0, "side": "bottom", "designator": "D104", "mpn": null, "pack": "D_DO-35_SOD27_P7.62mm_Horizontal_ref_center", "value": "D_Small", "mount_type": "tht"}, {"pos_x": 297.656328, "pos_y": -15.636875, "rotation": 90.0, "side": "bottom", "designator": "D14", "mpn": null, "pack": "D_DO-35_SOD27_P7.62mm_Horizontal_ref_center", "value": "D_Small", "mount_type": "tht"}, {"pos_x": 230.981328, "pos_y": -96.599375, "rotation": 90.0, "side": "bottom", "designator": "D82", "mpn": null, "pack": "D_DO-35_SOD27_P7.62mm_Horizontal_ref_center", "value": "D_Small", "mount_type": "tht"}, {"pos_x": 354.806328, "pos_y": -15.636875, "rotation": 90.0, "side": "bottom", "designator": "D17", "mpn": null, "pack": "D_DO-35_SOD27_P7.62mm_Horizontal_ref_center", "value": "D_Small", "mount_type": "tht"}, {"pos_x": 192.881328, "pos_y": -58.499375, "rotation": 90.0, "side": "bottom", "designator": "D46", "mpn": null, "pack": "D_DO-35_SOD27_P7.62mm_Horizontal_ref_center", "value": "D_Small", "mount_type": "tht"}, {"pos_x": 78.581328, "pos_y": -115.649375, "rotation": 90.0, "side": "bottom", "designator": "D92", "mpn": null, "pack": "D_DO-35_SOD27_P7.62mm_Horizontal_ref_center", "value": "D_Small", "mount_type": "tht"}, {"pos_x": 154.781328, "pos_y": -77.549375, "rotation": 90.0, "side": "bottom", "designator": "D61", "mpn": null, "pack": "D_DO-35_SOD27_P7.62mm_Horizontal_ref_center", "value": "D_Small", "mount_type": "tht"}, {"pos_x": 88.106328, "pos_y": -15.636875, "rotation": 90.0, "side": "bottom", "designator": "D4", "mpn": null, "pack": "D_DO-35_SOD27_P7.62mm_Horizontal_ref_center", "value": "D_Small", "mount_type": "tht"}, {"pos_x": 276.129828, "pos_y": -122.793125, "rotation": 90.0, "side": "bottom", "designator": "D100", "mpn": null, "pack": "D_DO-35_SOD27_P7.62mm_Horizontal_ref_center", "value": "D_Small", "mount_type": "tht"}, {"pos_x": 359.568828, "pos_y": -39.449375, "rotation": 90.0, "side": "bottom", "designator": "D35", "mpn": null, "pack": "D_DO-35_SOD27_P7.62mm_Horizontal_ref_center", "value": "D_Small", "mount_type": "tht"}, {"pos_x": 321.468828, "pos_y": -77.549375, "rotation": 90.0, "side": "bottom", "designator": "D68", "mpn": null, "pack": "D_DO-35_SOD27_P7.62mm_Horizontal_ref_center", "value": "D_Small", "mount_type": "tht"}, {"pos_x": 269.081328, "pos_y": -15.636875, "rotation": 90.0, "side": "bottom", "designator": "D13", "mpn": null, "pack": "D_DO-35_SOD27_P7.62mm_Horizontal_ref_center", "value": "D_Small", "mount_type": "tht"}, {"pos_x": 154.781328, "pos_y": -96.599375, "rotation": 90.0, "side": "bottom", "designator": "D78", "mpn": null, "pack": "D_DO-35_SOD27_P7.62mm_Horizontal_ref_center", "value": "D_Small", "mount_type": "tht"}, {"pos_x": 321.468828, "pos_y": -39.449375, "rotation": 90.0, "side": "bottom", "designator": "D33", "mpn": null, "pack": "D_DO-35_SOD27_P7.62mm_Horizontal_ref_center", "value": "D_Small", "mount_type": "tht"}, {"pos_x": 135.731328, "pos_y": -115.649375, "rotation": 90.0, "side": "bottom", "designator": "D94", "mpn": null, "pack": "D_DO-35_SOD27_P7.62mm_Horizontal_ref_center", "value": "D_Small", "mount_type": "tht"}, {"pos_x": 211.931328, "pos_y": -77.549375, "rotation": 90.0, "side": "bottom", "designator": "D64", "mpn": null, "pack": "D_DO-35_SOD27_P7.62mm_Horizontal_ref_center", "value": "D_Small", "mount_type": "tht"}, {"pos_x": 40.481328, "pos_y": -77.549375, "rotation": 90.0, "side": "bottom", "designator": "D55", "mpn": null, "pack": "D_DO-35_SOD27_P7.62mm_Horizontal_ref_center", "value": "D_Small", "mount_type": "tht"}, {"pos_x": 335.756328, "pos_y": -15.636875, "rotation": 90.0, "side": "bottom", "designator": "D16", "mpn": null, "pack": "D_DO-35_SOD27_P7.62mm_Horizontal_ref_center", "value": "D_Small", "mount_type": "tht"}, {"pos_x": 50.006328, "pos_y": -15.636875, "rotation": 90.0, "side": "bottom", "designator": "D2", "mpn": null, "pack": "D_DO-35_SOD27_P7.62mm_Horizontal_ref_center", "value": "D_Small", "mount_type": "tht"}, {"pos_x": 59.531328, "pos_y": -39.449375, "rotation": 90.0, "side": "bottom", "designator": "D21", "mpn": null, "pack": "D_DO-35_SOD27_P7.62mm_Horizontal_ref_center", "value": "D_Small", "mount_type": "tht"}, {"pos_x": 359.568828, "pos_y": -58.499375, "rotation": 90.0, "side": "bottom", "designator": "D52", "mpn": null, "pack": "D_DO-35_SOD27_P7.62mm_Horizontal_ref_center", "value": "D_Small", "mount_type": "tht"}, {"pos_x": 173.831328, "pos_y": -96.599375, "rotation": 90.0, "side": "bottom", "designator": "D79", "mpn": null, "pack": "D_DO-35_SOD27_P7.62mm_Horizontal_ref_center", "value": "D_Small", "mount_type": "tht"}, {"pos_x": 40.481328, "pos_y": -115.649375, "rotation": 90.0, "side": "bottom", "designator": "D90", "mpn": null, "pack": "D_DO-35_SOD27_P7.62mm_Horizontal_ref_center", "value": "D_Small", "mount_type": "tht"}, {"pos_x": 230.981328, "pos_y": -115.649375, "rotation": 90.0, "side": "bottom", "designator": "D98", "mpn": null, "pack": "D_DO-35_SOD27_P7.62mm_Horizontal_ref_center", "value": "D_Small", "mount_type": "tht"}, {"pos_x": 230.981328, "pos_y": -77.549375, "rotation": 90.0, "side": "bottom", "designator": "D65", "mpn": null, "pack": "D_DO-35_SOD27_P7.62mm_Horizontal_ref_center", "value": "D_Small", "mount_type": "tht"}, {"pos_x": 211.931328, "pos_y": -115.649375, "rotation": 90.0, "side": "bottom", "designator": "D97", "mpn": null, "pack": "D_DO-35_SOD27_P7.62mm_Horizontal_ref_center", "value": "D_Small", "mount_type": "tht"}, {"pos_x": 97.631328, "pos_y": -96.599375, "rotation": 90.0, "side": "bottom", "designator": "D75", "mpn": null, "pack": "D_DO-35_SOD27_P7.62mm_Horizontal_ref_center", "value": "D_Small", "mount_type": "tht"}, {"pos_x": 59.531328, "pos_y": -115.649375, "rotation": 90.0, "side": "bottom", "designator": "D91", "mpn": null, "pack": "D_DO-35_SOD27_P7.62mm_Horizontal_ref_center", "value": "D_Small", "mount_type": "tht"}, {"pos_x": 97.631328, "pos_y": -39.449375, "rotation": 90.0, "side": "bottom", "designator": "D23", "mpn": null, "pack": "D_DO-35_SOD27_P7.62mm_Horizontal_ref_center", "value": "D_Small", "mount_type": "tht"}, {"pos_x": 230.981328, "pos_y": -15.636875, "rotation": 90.0, "side": "bottom", "designator": "D11", "mpn": null, "pack": "D_DO-35_SOD27_P7.62mm_Horizontal_ref_center", "value": "D_Small", "mount_type": "tht"}, {"pos_x": 30.956328, "pos_y": -96.599375, "rotation": 90.0, "side": "bottom", "designator": "D72", "mpn": null, "pack": "D_DO-35_SOD27_P7.62mm_Horizontal_ref_center", "value": "D_Small", "mount_type": "tht"}, {"pos_x": 378.618828, "pos_y": -58.499375, "rotation": 90.0, "side": "bottom", "designator": "D53", "mpn": null, "pack": "D_DO-35_SOD27_P7.62mm_Horizontal_ref_center", "value": "D_Small", "mount_type": "tht"}, {"pos_x": 250.031328, "pos_y": -39.449375, "rotation": 90.0, "side": "bottom", "designator": "D31", "mpn": null, "pack": "D_DO-35_SOD27_P7.62mm_Horizontal_ref_center", "value": "D_Small", "mount_type": "tht"}, {"pos_x": 21.431328, "pos_y": -115.649375, "rotation": 90.0, "side": "bottom", "designator": "D89", "mpn": null, "pack": "D_DO-35_SOD27_P7.62mm_Horizontal_ref_center", "value": "D_Small", "mount_type": "tht"}, {"pos_x": 271.462578, "pos_y": -68.024375, "rotation": 90.0, "side": "bottom", "designator": "D67", "mpn": null, "pack": "D_DO-35_SOD27_P7.62mm_Horizontal_ref_center", "value": "D_Small", "mount_type": "tht"}, {"pos_x": 211.931328, "pos_y": -15.636875, "rotation": 90.0, "side": "bottom", "designator": "D10", "mpn": null, "pack": "D_DO-35_SOD27_P7.62mm_Horizontal_ref_center", "value": "D_Small", "mount_type": "tht"}, {"pos_x": 21.431328, "pos_y": -77.549375, "rotation": 90.0, "side": "bottom", "designator": "D54", "mpn": null, "pack": "D_DO-35_SOD27_P7.62mm_Horizontal_ref_center", "value": "D_Small", "mount_type": "tht"}, {"pos_x": 78.581328, "pos_y": -39.449375, "rotation": 90.0, "side": "bottom", "designator": "D22", "mpn": null, "pack": "D_DO-35_SOD27_P7.62mm_Horizontal_ref_center", "value": "D_Small", "mount_type": "tht"}, {"pos_x": 116.681328, "pos_y": -96.599375, "rotation": 90.0, "side": "bottom", "designator": "D76", "mpn": null, "pack": "D_DO-35_SOD27_P7.62mm_Horizontal_ref_center", "value": "D_Small", "mount_type": "tht"}, {"pos_x": 188.118828, "pos_y": -15.636875, "rotation": 90.0, "side": "bottom", "designator": "D9", "mpn": null, "pack": "D_DO-35_SOD27_P7.62mm_Horizontal_ref_center", "value": "D_Small", "mount_type": "tht"}, {"pos_x": 321.468828, "pos_y": -58.499375, "rotation": 90.0, "side": "bottom", "designator": "D50", "mpn": null, "pack": "D_DO-35_SOD27_P7.62mm_Horizontal_ref_center", "value": "D_Small", "mount_type": "tht"}, {"pos_x": 250.031328, "pos_y": -58.499375, "rotation": 90.0, "side": "bottom", "designator": "D49", "mpn": null, "pack": "D_DO-35_SOD27_P7.62mm_Horizontal_ref_center", "value": "D_Small", "mount_type": "tht"}, {"pos_x": 230.981328, "pos_y": -58.499375, "rotation": 90.0, "side": "bottom", "designator": "D48", "mpn": null, "pack": "D_DO-35_SOD27_P7.62mm_Horizontal_ref_center", "value": "D_Small", "mount_type": "tht"}, {"pos_x": 340.518828, "pos_y": -96.599375, "rotation": 90.0, "side": "bottom", "designator": "D86", "mpn": null, "pack": "D_DO-35_SOD27_P7.62mm_Horizontal_ref_center", "value": "D_Small", "mount_type": "tht"}, {"pos_x": 378.618828, "pos_y": -115.649375, "rotation": 90.0, "side": "bottom", "designator": "D105", "mpn": null, "pack": "D_DO-35_SOD27_P7.62mm_Horizontal_ref_center", "value": "D_Small", "mount_type": "tht"}, {"pos_x": 378.618828, "pos_y": -15.636875, "rotation": 90.0, "side": "bottom", "designator": "D18", "mpn": null, "pack": "D_DO-35_SOD27_P7.62mm_Horizontal_ref_center", "value": "D_Small", "mount_type": "tht"}, {"pos_x": 59.531328, "pos_y": -58.499375, "rotation": 90.0, "side": "bottom", "designator": "D39", "mpn": null, "pack": "D_DO-35_SOD27_P7.62mm_Horizontal_ref_center", "value": "D_Small", "mount_type": "tht"}, {"pos_x": 154.781328, "pos_y": -39.449375, "rotation": 90.0, "side": "bottom", "designator": "D26", "mpn": null, "pack": "D_DO-35_SOD27_P7.62mm_Horizontal_ref_center", "value": "D_Small", "mount_type": "tht"}, {"pos_x": 97.631328, "pos_y": -58.499375, "rotation": 90.0, "side": "bottom", "designator": "D41", "mpn": null, "pack": "D_DO-35_SOD27_P7.62mm_Horizontal_ref_center", "value": "D_Small", "mount_type": "tht"}, {"pos_x": 130.968828, "pos_y": -15.636875, "rotation": 90.0, "side": "bottom", "designator": "D6", "mpn": null, "pack": "D_DO-35_SOD27_P7.62mm_Horizontal_ref_center", "value": "D_Small", "mount_type": "tht"}, {"pos_x": 116.681328, "pos_y": -77.549375, "rotation": 90.0, "side": "bottom", "designator": "D59", "mpn": null, "pack": "D_DO-35_SOD27_P7.62mm_Horizontal_ref_center", "value": "D_Small", "mount_type": "tht"}, {"pos_x": 250.031328, "pos_y": -77.549375, "rotation": 90.0, "side": "bottom", "designator": "D66", "mpn": null, "pack": "D_DO-35_SOD27_P7.62mm_Horizontal_ref_center", "value": "D_Small", "mount_type": "tht"}, {"pos_x": 107.156328, "pos_y": -115.649375, "rotation": 90.0, "side": "bottom", "designator": "D93", "mpn": null, "pack": "D_DO-35_SOD27_P7.62mm_Horizontal_ref_center", "value": "D_Small", "mount_type": "tht"}, {"pos_x": 173.831328, "pos_y": -39.449375, "rotation": 90.0, "side": "bottom", "designator": "D27", "mpn": null, "pack": "D_DO-35_SOD27_P7.62mm_Horizontal_ref_center", "value": "D_Small", "mount_type": "tht"}, {"pos_x": 192.881328, "pos_y": -77.549375, "rotation": 90.0, "side": "bottom", "designator": "D63", "mpn": null, "pack": "D_DO-35_SOD27_P7.62mm_Horizontal_ref_center", "value": "D_Small", "mount_type": "tht"}, {"pos_x": 250.031328, "pos_y": -115.649375, "rotation": 90.0, "side": "bottom", "designator": "D99", "mpn": null, "pack": "D_DO-35_SOD27_P7.62mm_Horizontal_ref_center", "value": "D_Small", "mount_type": "tht"}, {"pos_x": 192.881328, "pos_y": -96.599375, "rotation": 90.0, "side": "bottom", "designator": "D80", "mpn": null, "pack": "D_DO-35_SOD27_P7.62mm_Horizontal_ref_center", "value": "D_Small", "mount_type": "tht"}, {"pos_x": 259.556328, "pos_y": -96.599375, "rotation": 90.0, "side": "bottom", "designator": "D83", "mpn": null, "pack": "D_DO-35_SOD27_P7.62mm_Horizontal_ref_center", "value": "D_Small", "mount_type": "tht"}, {"pos_x": 340.518828, "pos_y": -115.649375, "rotation": 90.0, "side": "bottom", "designator": "D103", "mpn": null, "pack": "D_DO-35_SOD27_P7.62mm_Horizontal_ref_center", "value": "D_Small", "mount_type": "tht"}, {"pos_x": 21.431328, "pos_y": -58.499375, "rotation": 90.0, "side": "bottom", "designator": "D37", "mpn": null, "pack": "D_DO-35_SOD27_P7.62mm_Horizontal_ref_center", "value": "D_Small", "mount_type": "tht"}, {"pos_x": 340.518828, "pos_y": -58.499375, "rotation": 90.0, "side": "bottom", "designator": "D51", "mpn": null, "pack": "D_DO-35_SOD27_P7.62mm_Horizontal_ref_center", "value": "D_Small", "mount_type": "tht"}, {"pos_x": 283.36875, "pos_y": -3.0, "rotation": 0.0, "side": "bottom", "designator": "R1", "mpn": null, "pack": "R_Axial_DIN0204_L3.6mm_D1.6mm_P7.62mm_Horizontal", "value": "5.1k", "mount_type": "tht"}, {"pos_x": 78.581328, "pos_y": -77.549375, "rotation": 90.0, "side": "bottom", "designator": "D57", "mpn": null, "pack": "D_DO-35_SOD27_P7.62mm_Horizontal_ref_center", "value": "D_Small", "mount_type": "tht"}, {"pos_x": 192.881328, "pos_y": -39.449375, "rotation": 90.0, "side": "bottom", "designator": "D28", "mpn": null, "pack": "D_DO-35_SOD27_P7.62mm_Horizontal_ref_center", "value": "D_Small", "mount_type": "tht"}, {"pos_x": 135.731328, "pos_y": -77.549375, "rotation": 90.0, "side": "bottom", "designator": "D60", "mpn": null, "pack": "D_DO-35_SOD27_P7.62mm_Horizontal_ref_center", "value": "D_Small", "mount_type": "tht"}, {"pos_x": 321.468828, "pos_y": -96.599375, "rotation": 90.0, "side": "bottom", "designator": "D85", "mpn": null, "pack": "D_DO-35_SOD27_P7.62mm_Horizontal_ref_center", "value": "D_Small", "mount_type": "tht"}, {"pos_x": 173.831328, "pos_y": -77.549375, "rotation": 90.0, "side": "bottom", "designator": "D62", "mpn": null, "pack": "D_DO-35_SOD27_P7.62mm_Horizontal_ref_center", "value": "D_Small", "mount_type": "tht"}, {"pos_x": 116.681328, "pos_y": -39.449375, "rotation": 90.0, "side": "bottom", "designator": "D24", "mpn": null, "pack": "D_DO-35_SOD27_P7.62mm_Horizontal_ref_center", "value": "D_Small", "mount_type": "tht"}, {"pos_x": 107.156328, "pos_y": -15.636875, "rotation": 90.0, "side": "bottom", "designator": "D5", "mpn": null, "pack": "D_DO-35_SOD27_P7.62mm_Horizontal_ref_center", "value": "D_Small", "mount_type": "tht"}, {"pos_x": 295.179828, "pos_y": -122.793125, "rotation": 90.0, "side": "bottom", "designator": "D101", "mpn": null, "pack": "D_DO-35_SOD27_P7.62mm_Horizontal_ref_center", "value": "D_Small", "mount_type": "tht"}, {"pos_x": 359.568828, "pos_y": -96.599375, "rotation": 90.0, "side": "bottom", "designator": "D87", "mpn": null, "pack": "D_DO-35_SOD27_P7.62mm_Horizontal_ref_center", "value": "D_Small", "mount_type": "tht"}, {"pos_x": 211.931328, "pos_y": -39.449375, "rotation": 90.0, "side": "bottom", "designator": "D29", "mpn": null, "pack": "D_DO-35_SOD27_P7.62mm_Horizontal_ref_center", "value": "D_Small", "mount_type": "tht"}, {"pos_x": 69.056328, "pos_y": -15.636875, "rotation": 90.0, "side": "bottom", "designator": "D3", "mpn": null, "pack": "D_DO-35_SOD27_P7.62mm_Horizontal_ref_center", "value": "D_Small", "mount_type": "tht"}, {"pos_x": 378.618828, "pos_y": -77.549375, "rotation": 90.0, "side": "bottom", "designator": "D71", "mpn": null, "pack": "D_DO-35_SOD27_P7.62mm_Horizontal_ref_center", "value": "D_Small", "mount_type": "tht"}, {"pos_x": 250.031328, "pos_y": -15.636875, "rotation": 90.0, "side": "bottom", "designator": "D12", "mpn": null, "pack": "D_DO-35_SOD27_P7.62mm_Horizontal_ref_center", "value": "D_Small", "mount_type": "tht"}, {"pos_x": 314.229828, "pos_y": -122.793125, "rotation": 90.0, "side": "bottom", "designator": "D102", "mpn": null, "pack": "D_DO-35_SOD27_P7.62mm_Horizontal_ref_center", "value": "D_Small", "mount_type": "tht"}, {"pos_x": 378.618828, "pos_y": -39.449375, "rotation": 90.0, "side": "bottom", "designator": "D36", "mpn": null, "pack": "D_DO-35_SOD27_P7.62mm_Horizontal_ref_center", "value": "D_Small", "mount_type": "tht"}, {"pos_x": 273.843828, "pos_y": -39.449375, "rotation": 90.0, "side": "bottom", "designator": "D32", "mpn": null, "pack": "D_DO-35_SOD27_P7.62mm_Horizontal_ref_center", "value": "D_Small", "mount_type": "tht"}, {"pos_x": 340.518828, "pos_y": -77.549375, "rotation": 90.0, "side": "bottom", "designator": "D69", "mpn": null, "pack": "D_DO-35_SOD27_P7.62mm_Horizontal_ref_center", "value": "D_Small", "mount_type": "tht"}, {"pos_x": 169.068828, "pos_y": -15.636875, "rotation": 90.0, "side": "bottom", "designator": "D8", "mpn": null, "pack": "D_DO-35_SOD27_P7.62mm_Horizontal_ref_center", "value": "D_Small", "mount_type": "tht"}, {"pos_x": 173.831328, "pos_y": -58.499375, "rotation": 90.0, "side": "bottom", "designator": "D45", "mpn": null, "pack": "D_DO-35_SOD27_P7.62mm_Horizontal_ref_center", "value": "D_Small", "mount_type": "tht"}, {"pos_x": 59.531328, "pos_y": -77.549375, "rotation": 90.0, "side": "bottom", "designator": "D56", "mpn": null, "pack": "D_DO-35_SOD27_P7.62mm_Horizontal_ref_center", "value": "D_Small", "mount_type": "tht"}, {"pos_x": 211.931328, "pos_y": -58.499375, "rotation": 90.0, "side": "bottom", "designator": "D47", "mpn": null, "pack": "D_DO-35_SOD27_P7.62mm_Horizontal_ref_center", "value": "D_Small", "mount_type": "tht"}, {"pos_x": 40.481328, "pos_y": -58.499375, "rotation": 90.0, "side": "bottom", "designator": "D38", "mpn": null, "pack": "D_DO-35_SOD27_P7.62mm_Horizontal_ref_center", "value": "D_Small", "mount_type": "tht"}, {"pos_x": 135.731328, "pos_y": -96.599375, "rotation": 90.0, "side": "bottom", "designator": "D77", "mpn": null, "pack": "D_DO-35_SOD27_P7.62mm_Horizontal_ref_center", "value": "D_Small", "mount_type": "tht"}, {"pos_x": 21.431328, "pos_y": -39.449375, "rotation": 90.0, "side": "bottom", "designator": "D19", "mpn": null, "pack": "D_DO-35_SOD27_P7.62mm_Horizontal_ref_center", "value": "D_Small", "mount_type": "tht"}, {"pos_x": 211.931328, "pos_y": -96.599375, "rotation": 90.0, "side": "bottom", "designator": "D81", "mpn": null, "pack": "D_DO-35_SOD27_P7.62mm_Horizontal_ref_center", "value": "D_Small", "mount_type": "tht"}, {"pos_x": 59.531328, "pos_y": -96.599375, "rotation": 90.0, "side": "bottom", "designator": "D73", "mpn": null, "pack": "D_DO-35_SOD27_P7.62mm_Horizontal_ref_center", "value": "D_Small", "mount_type": "tht"}, {"pos_x": 340.518828, "pos_y": -39.449375, "rotation": 90.0, "side": "bottom", "designator": "D34", "mpn": null, "pack": "D_DO-35_SOD27_P7.62mm_Horizontal_ref_center", "value": "D_Small", "mount_type": "tht"}, {"pos_x": 21.431328, "pos_y": -15.636875, "rotation": 90.0, "side": "bottom", "designator": "D1", "mpn": null, "pack": "D_DO-35_SOD27_P7.62mm_Horizontal_ref_center", "value": "D_Small", "mount_type": "tht"}, {"pos_x": 192.881328, "pos_y": -115.649375, "rotation": 90.0, "side": "bottom", "designator": "D96", "mpn": null, "pack": "D_DO-35_SOD27_P7.62mm_Horizontal_ref_center", "value": "D_Small", "mount_type": "tht"}, {"pos_x": 154.781328, "pos_y": -58.499375, "rotation": 90.0, "side": "bottom", "designator": "D44", "mpn": null, "pack": "D_DO-35_SOD27_P7.62mm_Horizontal_ref_center", "value": "D_Small", "mount_type": "tht"}, {"pos_x": 40.481328, "pos_y": -39.449375, "rotation": 90.0, "side": "bottom", "designator": "D20", "mpn": null, "pack": "D_DO-35_SOD27_P7.62mm_Horizontal_ref_center", "value": "D_Small", "mount_type": "tht"}, {"pos_x": 97.631328, "pos_y": -77.549375, "rotation": 90.0, "side": "bottom", "designator": "D58", "mpn": null, "pack": "D_DO-35_SOD27_P7.62mm_Horizontal_ref_center", "value": "D_Small", "mount_type": "tht"}, {"pos_x": 316.706328, "pos_y": -15.636875, "rotation": 90.0, "side": "bottom", "designator": "D15", "mpn": null, "pack": "D_DO-35_SOD27_P7.62mm_Horizontal_ref_center", "value": "D_Small", "mount_type": "tht"}]